image_id,split
9,test
25,test
30,val
34,train
36,train
42,train
49,train
61,train
64,train
71,test
72,train
73,train
74,test
77,train
78,train
81,val
86,train
89,train
92,train
94,test
109,train
110,train
113,train
127,train
133,train
136,train
138,val
142,test
143,train
144,train
149,val
151,val
154,train
164,train
165,train
192,train
194,train
196,train
201,train
208,train
241,train
247,train
250,train
257,train
260,train
263,train
283,train
294,train
307,train
308,train
309,train
312,train
315,val
321,train
322,train
326,train
328,train
332,train
338,val
349,train
357,train
359,train
360,train
368,val
370,test
382,train
384,train
387,train
389,train
394,val
395,train
397,train
400,test
404,train
415,train
419,val
428,train
431,train
436,train
438,test
443,train
446,val
450,val
459,train
471,train
472,train
474,train
486,train
488,train
490,train
491,train
502,train
508,train
510,train
514,train
520,train
529,train
531,train
532,train
536,train
540,train
542,test
544,train
560,val
562,train
564,train
569,val
572,train
575,test
581,train
584,train
589,train
590,train
595,train
597,train
599,test
605,train
612,test
620,train
623,train
625,test
626,train
629,train
634,train
636,train
641,test
643,train
650,train
656,train
659,train
661,train
670,train
671,test
673,train
675,train
681,val
684,train
690,train
692,train
693,train
699,train
706,train
711,train
714,train
715,train
716,train
722,train
723,train
730,train
731,train
735,train
753,train
754,test
757,train
761,train
762,train
764,train
772,train
775,train
781,train
790,train
795,train
797,train
801,train
810,train
813,test
821,train
825,test
827,val
828,train
831,train
836,train
839,train
853,train
873,train
882,train
897,train
901,test
902,test
908,train
909,train
913,train
923,train
925,train
927,train
934,train
939,test
941,train
943,train
955,train
960,train
962,train
965,train
969,train
974,train
977,train
982,train
984,train
985,train
987,train
996,train
999,val
1006,train
1011,val
1014,train
1025,train
1029,train
1036,train
1053,train
1059,val
1063,train
1064,train
1072,train
1083,train
1084,train
1085,train
1089,train
1090,train
1098,test
1099,train
1102,train
1103,train
1107,train
1108,train
1111,train
1122,train
1138,test
1139,train
1144,val
1145,train
1146,train
1149,train
1153,train
1155,train
1164,train
1166,train
1168,val
1171,train
1176,train
1180,train
1183,val
1200,train
1204,train
1205,train
1213,train
1216,train
1224,val
1228,train
1232,train
1237,train
1238,train
1244,val
1261,train
1264,train
1270,train
1271,train
1282,train
1290,train
1292,test
1295,train
1298,train
1306,train
1307,train
1308,train
1311,train
1315,test
1319,train
1323,train
1330,train
1332,train
1340,test
1342,train
1347,val
1350,train
1355,train
1359,test
1360,train
1366,train
1369,train
1374,train
1375,train
1381,train
1386,train
1390,train
1392,train
1393,train
1397,train
1398,train
1401,test
1403,train
1404,test
1407,train
1408,test
1424,train
1431,test
1436,train
1442,train
1448,train
1451,test
1453,train
1455,train
1464,train
1472,train
1488,train
1496,train
1497,train
1501,train
1505,train
1507,train
1510,test
1515,train
1518,train
1522,val
1523,val
1525,train
1526,train
1527,test
1536,train
1548,test
1554,train
1558,train
1561,train
1562,test
1563,train
1569,train
1573,train
1577,train
1579,val
1580,train
1586,train
1589,train
1590,test
1591,test
1592,test
1596,train
1599,train
1611,train
1622,test
1625,train
1626,train
1637,train
1639,train
1645,train
1647,train
1655,test
1667,val
1668,test
1670,train
1674,train
1681,train
1682,train
1688,train
1697,train
1700,train
1706,train
1709,train
1712,train
1720,train
1722,val
1732,train
1737,train
1739,train
1756,train
1757,val
1762,val
1764,val
1771,train
1774,train
1777,train
1779,train
1781,test
1785,train
1786,train
1790,train
1792,test
1799,train
1803,train
1804,train
1810,val
1811,train
1813,train
1815,train
1822,train
1837,test
1840,train
1841,test
1852,train
1856,train
1864,val
1869,train
1875,train
1877,train
1888,train
1895,train
1900,train
1902,test
1903,train
1906,train
1907,train
1911,train
1912,train
1915,train
1924,train
1926,train
1941,train
1942,train
1943,train
1947,val
1948,test
1955,train
1958,train
1960,train
1966,train
1987,train
1994,train
1997,train
1999,train
2001,train
2007,train
2014,train
2024,train
2055,train
2056,train
2061,train
2066,train
2068,train
2072,train
2083,train
2089,train
2093,val
2106,val
2114,train
2124,train
2135,train
2139,train
2142,train
2148,train
2150,train
2154,train
2164,train
2171,train
2178,val
2179,val
2184,train
2191,train
2193,train
2197,train
2209,train
2211,train
2212,train
2217,train
2225,train
2229,train
2232,train
2235,test
2239,train
2240,train
2244,train
2255,train
2258,train
2270,train
2276,train
2278,train
2279,train
2280,train
2281,train
2283,val
2284,train
2290,train
2295,train
2296,train
2302,train
2309,train
2315,val
2337,train
2342,test
2346,train
2347,train
2349,train
2369,train
2372,train
2374,train
2377,train
2388,train
2389,val
2400,train
2402,train
2411,train
2415,train
2429,train
2434,train
2444,train
2445,val
2446,val
2448,train
2451,train
2453,train
2459,train
2466,val
2470,train
2471,test
2477,train
2495,train
2496,train
2498,train
2521,train
2525,train
2529,train
2531,train
2536,test
2543,test
2544,train
2545,train
2555,train
2559,train
2560,test
2562,train
2563,train
2567,train
2570,train
2575,train
2583,val
2585,train
2591,test
2602,train
2606,train
2608,train
2613,train
2614,train
2618,train
2619,train
2621,val
2623,train
2624,train
2639,train
2640,train
2644,train
2645,test
2658,train
2664,test
2672,train
2684,val
2686,val
2687,test
2690,val
2691,train
2693,train
2697,train
2703,train
2732,train
2742,train
2752,train
2753,train
2754,train
2755,train
2758,val
2759,train
2764,val
2770,train
2774,train
2776,train
2782,train
2822,val
2823,train
2833,train
2839,test
2842,train
2843,train
2849,train
2860,train
2867,train
2881,train
2886,train
2890,test
2892,train
2894,train
2896,val
2902,val
2907,train
2931,train
2951,test
2963,train
2964,train
2972,train
2982,train
2983,train
2985,train
2988,train
2989,train
2992,test
2998,train
3000,train
3001,val
3003,train
3008,train
3014,train
3035,train
3040,train
3048,train
3067,val
3076,train
3077,train
3080,train
3084,train
3091,test
3093,train
3103,test
3109,train
3118,train
3124,train
3125,train
3131,train
3134,train
3145,train
3148,train
3149,train
3157,train
3160,val
3178,train
3192,train
3197,train
3209,train
3217,train
3219,train
3220,train
3224,test
3225,train
3234,train
3236,train
3242,train
3244,train
3249,val
3259,train
3264,train
3270,train
3272,val
3276,train
3286,train
3293,val
3305,train
3310,train
3314,train
3320,train
3321,val
3325,train
3326,train
3335,train
3337,test
3342,train
3348,train
3353,train
3361,train
3365,train
3366,train
3375,train
3378,train
3382,val
3386,test
3389,train
3398,test
3412,train
3425,test
3432,train
3442,train
3457,train
3461,train
3464,test
3466,val
3474,test
3478,train
3480,train
3481,train
3483,train
3488,train
3493,test
3511,train
3514,train
3517,train
3518,train
3521,train
3528,train
3532,train
3535,train
3538,test
3579,train
3580,test
3590,train
3595,train
3602,val
3613,train
3623,train
3628,train
3637,val
3640,test
3668,train
3671,train
3682,train
3685,train
3690,val
3692,train
3693,train
3694,val
3703,train
3711,train
3713,train
3716,train
3729,train
3735,train
3737,val
3742,val
3745,train
3751,train
3761,test
3764,train
3770,train
3771,train
3779,train
3782,train
3786,train
3789,train
3793,train
3794,train
3799,train
3804,train
3812,val
3817,train
3823,train
3827,train
3830,train
3832,train
3837,train
3849,train
3860,train
3862,train
3865,train
3866,test
3867,train
3870,train
3877,train
3897,train
3899,train
3911,train
3915,test
3917,train
3920,train
3926,val
3932,train
3935,test
3938,train
3939,test
3941,test
3947,train
3964,train
3967,train
3982,train
3983,train
3988,train
3992,train
3995,val
3999,train
4011,train
4020,train
4021,train
4032,train
4038,test
4042,val
4051,train
4057,test
4065,train
4066,train
4068,train
4069,train
4079,train
4080,train
4092,train
4093,train
4108,test
4125,train
4129,train
4130,train
4131,train
4132,train
4138,train
4139,train
4140,train
4157,train
4159,train
4172,train
4173,train
4175,train
4180,train
4187,train
4189,train
4201,train
4208,train
4211,train
4212,train
4219,train
4227,train
4229,train
4239,train
4243,test
4244,train
4245,test
4246,train
4256,train
4259,train
4260,train
4265,val
4266,test
4275,val
4278,train
4282,val
4283,train
4286,test
4289,train
4296,train
4308,train
4309,train
4312,train
4318,test
4319,train
4322,train
4331,train
4338,test
4355,train
4359,test
4360,train
4375,train
4376,train
4377,train
4385,test
4386,train
4392,train
4394,train
4396,val
4404,train
4410,train
4415,val
4421,train
4424,val
4426,train
4428,train
4438,train
4441,train
4442,val
4444,train
4462,train
4463,train
4471,train
4477,train
4478,train
4481,train
4488,train
4489,train
4490,train
4497,train
4498,test
4502,test
4508,train
4509,train
4517,train
4527,test
4535,val
4537,train
4546,train
4549,train
4551,train
4554,train
4555,train
4567,train
4571,train
4574,train
4575,train
4576,val
4578,train
4579,train
4587,train
4592,val
4595,train
4608,train
4616,train
4620,train
4622,train
4624,train
4642,train
4647,train
4662,train
4665,train
4673,val
4678,test
4684,train
4688,train
4694,test
4700,train
4702,train
4704,train
4705,train
4706,train
4711,train
4714,train
4716,train
4719,train
4731,train
4736,train
4739,train
4741,train
4742,val
4749,train
4754,test
4760,train
4761,train
4762,train
4764,train
4772,train
4785,train
4794,train
4796,train
4809,val
4820,train
4823,val
4827,train
4830,train
4834,train
4840,train
4843,train
4844,train
4859,train
4876,train
4880,val
4885,train
4888,train
4891,train
4893,train
4901,train
4903,train
4904,train
4916,val
4920,train
4931,train
4936,val
4947,test
4956,test
4963,train
4968,test
4970,train
4971,train
4972,train
4975,test
4978,train
4979,test
4980,val
4981,train
4984,train
4988,train
4993,train
5005,val
5010,val
5011,train
5016,test
5018,test
5021,train
5028,train
5032,val
5033,train
5038,train
5046,train
5064,val
5073,val
5076,train
5083,train
5085,train
5086,val
5088,train
5094,test
5095,train
5099,train
5105,train
5107,train
5111,train
5113,test
5115,train
5123,train
5124,val
5131,train
5139,train
5140,train
5142,val
5146,train
5151,val
5152,train
5154,train
5156,train
5165,train
5169,val
5172,val
5174,train
5178,train
5180,train
5184,train
5198,train
5205,train
5210,train
5213,train
5215,train
5219,train
5225,train
5237,train
5244,train
5245,val
5247,val
5253,train
5256,train
5259,train
5260,test
5263,train
5277,train
5278,train
5282,test
5288,test
5294,train
5303,train
5312,test
5313,train
5314,train
5324,val
5325,train
5326,train
5328,train
5335,train
5336,train
5339,train
5340,train
5344,train
5345,train
5352,train
5355,train
5356,train
5359,train
5360,train
5362,train
5368,val
5373,train
5376,test
5377,train
5383,train
5385,train
5388,train
5394,train
5396,val
5412,train
5418,train
5424,train
5425,train
5430,train
5434,train
5435,train
5437,train
5443,val
5453,train
5459,train
5469,train
5471,test
5472,train
5476,train
5482,train
5483,test
5486,train
5500,train
5502,test
5505,train
5508,train
5513,train
5522,train
5535,train
5540,train
5554,train
5557,train
5559,train
5564,train
5569,train
5574,val
5577,train
5587,val
5589,test
5595,train
5599,train
5601,test
5608,train
5612,train
5614,train
5615,train
5617,test
5619,train
5620,train
5632,train
5635,train
5638,train
5641,train
5643,train
5644,train
5649,val
5652,train
5667,train
5669,test
5670,train
5673,train
5678,train
5683,train
5684,train
5688,train
5689,train
5690,train
5692,train
5694,train
5699,train
5700,val
5701,train
5703,train
5706,train
5713,train
5715,train
5723,train
5724,train
5728,train
5736,train
5740,train
5745,train
5754,val
5755,train
5756,train
5757,train
5758,train
5769,train
5782,test
5785,train
5802,train
5804,train
5809,train
5811,train
5816,test
5820,train
5823,train
5828,val
5830,test
5832,train
5860,train
5862,train
5879,train
5882,train
5883,val
5903,train
5906,val
5907,train
5913,test
5915,val
5916,train
5917,train
5933,train
5934,train
5946,train
5947,train
5961,val
5962,train
5965,train
5967,val
5991,train
5994,test
6004,train
6005,val
6010,train
6016,train
6019,train
6026,val
6028,val
6031,train
6033,train
6041,train
6042,train
6051,train
6053,train
6057,train
6066,train
6068,train
6074,train
6075,train
6091,train
6101,train
6107,train
6120,train
6140,train
6146,train
6148,train
6151,val
6153,train
6155,train
6160,train
6177,train
6178,test
6180,train
6182,train
6189,train
6190,train
6197,test
6200,train
6211,train
6216,train
6220,train
6225,val
6226,train
6229,train
6230,train
6233,val
6241,train
6247,train
6253,test
6262,train
6263,train
6266,train
6268,test
6270,train
6287,train
6293,train
6295,train
6306,test
6318,test
6327,train
6332,train
6334,train
6336,train
6338,train
6339,train
6347,train
6352,train
6355,train
6357,train
6358,train
6363,test
6364,train
6379,test
6380,test
6393,train
6397,train
6406,train
6407,train
6409,train
6414,train
6415,train
6417,train
6421,train
6422,train
6424,train
6426,train
6428,train
6432,train
6437,train
6447,test
6450,train
6451,train
6464,val
6465,val
6473,train
6481,train
6484,train
6488,train
6489,test
6491,train
6497,train
6512,train
6517,train
6518,train
6520,train
6522,train
6527,train
6531,train
6539,test
6541,train
6560,test
6562,train
6572,val
6578,train
6579,val
6580,train
6586,train
6589,train
6590,train
6593,val
6595,train
6599,train
6602,train
6603,train
6608,test
6627,train
6631,train
6632,train
6640,train
6647,test
6651,train
6658,train
6662,train
6664,train
6672,train
6673,train
6675,train
6688,train
6692,train
6701,train
6709,train
6710,train
6712,train
6715,train
6719,test
6720,train
6721,train
6725,train
6730,train
6733,test
6744,train
6747,train
6748,train
6749,train
6753,train
6760,train
6764,train
6765,train
6773,train
6777,test
6780,train
6783,train
6789,train
6790,train
6792,train
6800,train
6809,train
6810,val
6811,train
6819,train
6824,train
6842,train
6845,val
6846,val
6847,test
6854,test
6860,val
6861,train
6862,train
6864,train
6870,train
6871,train
6873,train
6874,train
6896,train
6901,train
6906,train
6914,train
6920,train
6921,train
6935,test
6936,train
6941,train
6943,train
6945,train
6949,train
6957,train
6964,test
6973,train
6981,train
6990,train
6996,train
6998,train
7022,train
7023,train
7028,train
7035,train
7040,train
7048,train
7049,train
7050,train
7069,val
7072,train
7090,train
7095,train
7096,train
7103,train
7104,train
7107,train
7115,train
7116,test
7123,train
7124,train
7125,train
7129,train
7139,train
7143,train
7145,train
7149,train
7150,test
7155,train
7159,train
7167,train
7174,train
7178,train
7179,train
7201,train
7202,train
7205,train
7207,train
7211,train
7214,train
7220,train
7221,train
7224,train
7228,train
7232,val
7239,train
7241,train
7247,train
7251,train
7253,train
7256,train
7260,val
7267,train
7274,train
7275,train
7276,train
7277,train
7288,train
7297,train
7298,train
7304,train
7307,train
7318,val
7319,test
7320,train
7325,train
7333,train
7355,train
7357,train
7361,train
7367,train
7393,train
7394,train
7396,train
7398,train
7414,train
7420,train
7424,train
7444,val
7452,train
7455,train
7476,train
7489,train
7498,train
7500,train
7503,train
7504,train
7506,train
7510,val
7517,train
7519,train
7522,test
7524,train
7535,train
7539,train
7544,train
7556,train
7558,train
7559,train
7566,train
7567,train
7570,val
7583,test
7584,train
7592,train
7593,train
7594,train
7596,train
7601,test
7603,train
7615,train
7616,train
7621,train
7623,train
7625,train
7627,train
7629,train
7642,train
7643,train
7650,train
7653,train
7665,test
7666,train
7669,test
7673,train
7677,train
7682,train
7685,train
7689,train
7690,train
7697,train
7710,train
7713,train
7721,train
7722,val
7726,train
7727,train
7729,test
7730,val
7733,train
7735,train
7740,train
7746,train
7753,train
7757,train
7758,train
7762,test
7772,train
7778,train
7781,val
7782,val
7785,train
7787,train
7789,train
7794,train
7796,train
7809,train
7819,train
7823,train
7827,val
7830,test
7838,val
7839,val
7852,train
7853,train
7855,train
7856,train
7867,train
7873,train
7890,val
7894,train
7899,test
7913,train
7921,train
7931,train
7932,test
7934,train
7936,train
7938,train
7944,train
7945,val
7946,train
7952,test
7953,train
7954,train
7961,train
7988,train
7989,train
7996,val
8005,train
8006,test
8010,test
8014,train
8016,train
8019,train
8024,train
8025,test
8027,val
8042,train
8043,train
8045,train
8053,train
8055,train
8058,test
8062,train
8063,train
8064,test
8065,train
8066,train
8074,train
8080,val
8081,train
8086,train
8093,train
8095,train
8106,train
8114,train
8119,train
8128,train
8131,train
8138,train
8152,train
8160,train
8170,train
8176,train
8179,test
8180,train
8181,train
8186,test
8187,train
8188,train
8190,train
8191,train
8193,train
8195,train
8196,train
8204,val
8218,train
8223,val
8228,train
8234,train
8238,train
8245,train
8267,train
8284,train
8285,train
8290,train
8292,train
8294,train
8297,train
8300,train
8305,val
8309,test
8311,test
8314,train
8320,train
8321,train
8329,test
8332,train
8333,train
8336,train
8339,train
8341,train
8345,train
8350,test
8351,train
8356,train
8369,train
8373,train
8379,train
8383,train
8385,train
8394,train
8396,train
8401,train
8405,train
8414,train
8418,train
8422,train
8429,val
8431,train
8432,train
8433,val
8436,test
8439,train
8443,test
8445,train
8453,train
8457,train
8458,train
8468,train
8469,train
8471,train
8473,train
8483,train
8493,test
8494,train
8495,test
8498,train
8504,val
8519,train
8520,train
8531,val
8536,train
8547,val
8548,train
8549,test
8553,train
8559,val
8562,train
8564,train
8568,train
8571,train
8574,train
8580,train
8581,train
8583,test
8587,train
8589,train
8592,test
8593,train
8594,train
8595,train
8599,train
8602,train
8603,train
8612,train
8630,train
8639,test
8644,train
8646,train
8647,train
8649,train
8653,test
8657,val
8659,val
8665,train
8676,train
8677,train
8686,train
8688,train
8691,train
8708,val
8711,train
8718,train
8721,train
8725,train
8731,val
8733,train
8734,train
8746,train
8747,train
8749,train
8761,val
8771,train
8772,train
8773,test
8775,train
8776,train
8781,train
8785,train
8786,train
8787,train
8789,train
8791,train
8794,train
8797,train
8803,train
8807,train
8809,train
8813,train
8816,train
8821,train
8829,train
8830,train
8832,train
8834,train
8836,train
8841,train
8846,val
8848,test
8853,train
8856,train
8872,train
8876,train
8881,val
8884,train
8888,train
8892,train
8896,train
8909,train
8920,train
8922,train
8923,test
8933,train
8934,val
8936,train
8944,train
8953,val
8958,test
8965,val
8968,train
8979,train
8981,train
8991,train
8998,train
8999,train
9002,train
9003,train
9007,train
9012,test
9016,train
9017,train
9018,train
9024,train
9025,train
9029,val
9038,val
9039,train
9041,train
9045,test
9050,train
9057,val
9060,test
9062,train
9064,train
9069,train
9075,train
9077,train
9091,train
9095,train
9105,train
9112,train
9113,val
9119,test
9127,train
9133,train
9138,test
9142,train
9145,train
9148,test
9156,test
9170,train
9171,train
9172,train
9174,train
9175,train
9176,test
9178,train
9180,train
9185,val
9186,train
9190,train
9195,train
9199,train
9202,train
9203,val
9211,train
9214,test
9217,train
9218,train
9226,train
9231,train
9236,train
9248,train
9253,train
9262,train
9270,train
9274,train
9275,train
9286,train
9287,train
9288,train
9296,train
9317,test
9321,train
9322,train
9353,train
9372,train
9379,train
9381,train
9395,train
9398,train
9408,train
9409,train
9413,train
9420,train
9425,train
9426,val
9429,train
9446,train
9450,train
9451,train
9452,train
9460,train
9462,train
9465,train
9466,train
9469,train
9474,train
9478,train
9479,train
9488,train
9497,train
9509,train
9511,train
9514,train
9517,train
9520,train
9527,train
9539,train
9542,train
9548,val
9553,train
9556,train
9557,train
9572,train
9599,train
9603,train
9608,val
9615,train
9620,train
9628,train
9640,train
9647,train
9648,train
9651,train
9656,train
9658,train
9668,val
9669,train
9673,train
9677,train
9678,train
9679,val
9695,train
9696,train
9698,train
9699,val
9707,train
9708,val
9709,train
9712,train
9721,train
9723,test
9725,train
9727,train
9729,train
9735,val
9738,train
9744,train
9745,train
9759,train
9760,train
9763,train
9767,train
9768,train
9771,train
9774,train
9778,train
9789,test
9791,train
9797,train
9800,train
9801,train
9807,train
9809,train
9813,train
9820,train
9822,val
9830,train
9833,train
9836,train
9843,train
9845,train
9846,train
9851,train
9857,train
9859,train
9865,train
9866,train
9872,train
9878,train
9885,train
9895,train
9898,test
9904,train
9908,train
9910,test
9919,train
9927,train
9929,train
9935,test
9941,train
9945,test
9946,train
9951,val
9960,train
9968,test
9975,train
9983,train
9987,train
9988,train
9990,train
9993,train
9999,train
10005,val
10008,train
10012,train
10014,train
10015,train
10023,train
10024,train
10037,train
10039,test
10040,train
10041,train
10046,train
10056,train
10058,train
10069,val
10073,test
10077,train
10082,train
10083,train
10084,train
10094,train
10097,train
10104,train
10107,test
10108,train
10114,train
10115,train
10123,train
10125,train
10130,train
10136,train
10138,train
10142,train
10145,train
10149,train
10161,train
10166,train
10175,train
10176,train
10179,train
10192,train
10196,train
10205,train
10211,train
10216,train
10217,train
10219,train
10222,train
10229,train
10230,train
10232,train
10239,train
10241,train
10243,train
10244,train
10245,train
10248,val
10249,val
10256,train
10263,val
10265,train
10275,train
10276,val
10281,train
10290,train
10303,val
10309,val
10313,train
10318,train
10319,train
10321,val
10324,train
10327,train
10337,train
10342,train
10343,train
10346,train
10358,test
10369,test
10386,train
10388,test
10393,train
10395,train
10400,val
10403,train
10405,train
10407,train
10414,train
10420,train
10421,train
10428,train
10430,train
10432,val
10434,train
10440,val
10442,train
10444,train
10445,train
10449,train
10463,train
10466,train
10471,train
10472,train
10476,train
10478,train
10484,train
10489,train
10495,train
10496,train
10498,test
10526,train
10534,val
10539,train
10540,train
10545,train
10546,val
10547,train
10560,val
10566,val
10579,train
10580,train
10581,train
10591,train
10600,train
10613,train
10614,train
10615,test
10621,train
10624,train
10627,test
10639,train
10643,train
10644,train
10645,train
10646,train
10654,val
10655,train
10678,train
10681,train
10683,train
10684,val
10689,train
10691,train
10693,train
10694,train
10698,train
10701,test
10702,val
10705,test
10710,train
10711,train
10714,train
10716,test
10719,train
10720,test
10727,test
10728,test
10732,train
10733,test
10735,train
10743,train
10759,train
10766,test
10769,val
10779,train
10784,train
10785,train
10787,train
10793,train
10799,train
10800,train
10817,test
10818,train
10822,train
10825,train
10831,val
10837,train
10844,train
10851,train
10856,train
10858,train
10867,val
10870,train
10871,train
10877,train
10881,train
10890,train
10900,train
10903,train
10907,train
10909,train
10920,train
10925,train
10928,train
10929,train
10935,train
10936,train
10948,train
10954,train
10964,train
10966,train
10969,train
10981,train
10986,val
10991,train
11004,train
11010,train
11015,train
11025,train
11029,train
11034,train
11041,train
11042,train
11052,train
11065,train
11075,train
11076,train
11077,train
11080,val
11081,train
11091,train
11099,train
11100,train
11107,train
11115,train
11129,train
11138,train
11146,train
11147,train
11156,train
11158,train
11159,train
11168,train
11169,test
11172,train
11181,train
11182,train
11184,val
11188,train
11195,val
11196,train
11198,train
11202,train
11205,train
11209,train
11222,test
11223,train
11227,train
11229,test
11231,train
11233,train
11238,train
11241,train
11244,train
11256,train
11258,train
11260,train
11262,val
11264,train
11265,train
11269,train
11271,train
11272,train
11276,train
11282,val
11288,train
11291,train
11292,train
11294,train
11297,train
11299,train
11300,train
11302,train
11304,train
11305,train
11313,test
11316,train
11320,train
11323,train
11324,test
11326,train
11328,train
11332,test
11334,train
11336,train
11340,train
11347,train
11349,train
11358,train
11360,train
11361,val
11364,train
11373,train
11374,val
11390,train
11398,train
11401,train
11402,train
11403,train
11411,train
11420,train
11422,train
11426,train
11449,train
11461,train
11474,test
11475,train
11485,val
11487,train
11494,train
11495,val
11496,train
11497,train
11504,train
11505,train
11506,train
11508,train
11519,train
11525,test
11527,val
11528,train
11537,train
11538,train
11544,train
11552,train
11554,test
11567,train
11569,train
11570,train
11576,train
11579,train
11591,train
11605,train
11613,test
11618,train
11619,train
11624,train
11625,val
11630,train
11631,train
11635,train
11638,val
11643,train
11655,train
11658,train
11661,train
11667,val
11673,train
11677,train
11680,train
11682,train
11690,train
11694,train
11696,train
11697,train
11701,val
11702,val
11703,val
11707,train
11712,train
11713,train
11719,train
11720,train
11721,val
11723,train
11726,train
11727,train
11737,train
11742,train
11754,train
11758,train
11766,train
11774,train
11775,train
11788,train
11791,train
11794,test
11796,train
11801,train
11802,train
11805,train
11812,test
11818,train
11825,test
11826,train
11831,train
11838,train
11842,train
11849,train
11856,train
11877,train
11887,train
11925,train
11926,train
11931,train
11948,train
11953,test
11968,test
11987,val
11990,test
11996,train
12010,train
12014,train
12015,test
12016,train
12020,train
12021,train
12023,train
12034,train
12044,test
12047,train
12057,train
12059,train
12069,train
12070,train
12073,train
12079,train
12081,train
12085,train
12093,val
12096,train
12098,val
12101,val
12102,train
12103,train
12107,train
12108,train
12109,val
12115,test
12131,train
12138,train
12145,val
12146,train
12147,train
12153,train
12154,train
12155,test
12156,train
12158,train
12166,val
12169,train
12178,train
12179,train
12181,train
12182,train
12183,val
12192,train
12204,train
12209,train
12213,train
12224,train
12228,train
12230,val
12231,train
12233,train
12236,val
12238,train
12240,train
12241,train
12249,train
12251,train
12268,train
12269,val
12281,train
12283,train
12284,train
12302,val
12307,train
12313,train
12315,train
12319,val
12321,train
12323,train
12326,train
12333,val
12343,train
12345,test
12349,val
12357,train
12370,train
12372,train
12375,train
12377,train
12379,train
12382,val
12386,train
12398,test
12407,train
12408,train
12413,train
12416,train
12418,test
12421,val
12422,val
12424,test
12428,train
12429,train
12434,train
12440,test
12443,train
12448,train
12455,train
12459,test
12460,train
12461,test
12463,test
12464,train
12471,train
12472,train
12475,test
12484,train
12488,train
12490,train
12494,train
12495,train
12497,train
12501,train
12509,val
12522,train
12524,train
12529,train
12543,train
12544,train
12547,train
12548,train
12551,train
12552,val
12556,train
12567,val
12570,train
12574,val
12597,train
12612,train
12614,train
12620,train
12626,train
12641,train
12647,train
12650,train
12661,train
12664,train
12666,train
12669,train
12673,train
12678,train
12679,train
12681,val
12690,test
12696,val
12698,train
12700,train
12701,train
12704,train
12706,train
12711,train
12726,train
12728,train
12731,train
12733,train
12735,train
12741,train
12744,train
12750,train
12754,train
12756,train
12757,test
12764,test
12766,train
12784,train
12786,train
12790,train
12792,train
12795,train
12797,train
12803,train
12805,train
12809,test
12810,train
12817,train
12818,train
12822,train
12824,test
12825,val
12827,train
12833,train
12838,train
12839,train
12860,train
12861,train
12864,train
12873,train
12875,train
12876,train
12881,train
12883,train
12884,train
12887,train
12891,train
12892,train
12895,val
12896,train
12897,val
12902,train
12916,test
12923,train
12927,train
12930,train
12933,train
12938,train
12943,train
12946,train
12947,train
12953,val
12959,train
12966,val
12979,test
12983,train
12986,train
12991,train
12993,train
12996,train
12998,train
12999,test
13000,train
13016,train
13020,val
13031,train
13035,train
13040,train
13043,train
13045,train
13061,train
13076,test
13081,train
13082,train
13092,train
13106,train
13121,train
13124,val
13127,train
13129,train
13132,train
13140,train
13143,val
13144,train
13145,train
13146,test
13148,train
13150,train
13158,train
13159,train
13160,val
13168,train
13169,train
13172,train
13175,train
13176,train
13182,train
13188,train
13195,train
13198,train
13202,test
13215,train
13220,train
13228,train
13230,train
13232,test
13235,val
13249,train
13252,train
13258,val
13267,train
13273,train
13274,train
13278,train
13279,train
13283,train
13284,train
13285,test
13290,train
13292,train
13294,test
13296,train
13300,val
13302,train
13318,train
13320,train
13325,train
13332,val
13333,test
13336,train
13352,train
13355,train
13356,train
13357,train
13362,test
13364,train
13372,train
13379,train
13383,train
13397,train
13414,train
13415,train
13417,val
13420,train
13428,train
13432,train
13445,train
13452,train
13455,train
13463,train
13465,train
13466,train
13468,train
13471,train
13473,train
13482,test
13489,train
13490,train
13492,train
13497,train
13506,train
13517,train
13524,train
13525,train
13528,train
13529,val
13540,train
13547,train
13550,test
13556,val
13565,train
13568,train
13574,test
13576,val
13578,train
13595,train
13603,train
13605,train
13616,train
13632,train
13636,train
13637,train
13639,train
13650,train
13662,train
13670,train
13671,train
13675,train
13678,test
13703,test
13714,train
13715,train
13717,train
13719,test
13720,train
13721,test
13722,train
13728,train
13731,train
13754,train
13763,test
13769,train
13770,train
13783,test
13789,train
13797,train
13800,train
13802,train
13815,test
13832,train
13835,test
13843,train
13844,train
13856,train
13867,train
13868,test
13874,train
13876,train
13879,train
13882,train
13892,train
13893,train
13900,train
13901,train
13904,train
13908,test
13909,val
13912,val
13914,test
13916,train
13920,train
13921,val
13922,train
13934,train
13938,test
13943,train
13944,train
13948,train
13949,train
13959,train
13965,train
13967,train
13969,train
13979,train
13980,train
13983,val
13985,train
13986,train
13988,val
13991,train
13992,train
13995,test
14004,val
14006,train
14008,train
14014,train
14017,train
14025,train
14027,train
14029,train
14034,train
14036,train
14041,train
14044,train
14049,train
14056,train
14070,train
14073,train
14083,test
14088,train
14089,train
14090,train
14103,train
14108,train
14113,train
14125,train
14128,train
14135,train
14138,train
14151,test
14152,train
14159,val
14160,train
14167,train
14168,train
14175,val
14180,train
14203,train
14209,train
14219,train
14230,train
14238,train
14244,train
14248,val
14252,train
14253,train
14257,val
14261,train
14265,train
14269,train
14271,train
14276,train
14278,train
14281,test
14282,train
14283,train
14285,train
14290,test
14297,train
14306,train
14307,train
14312,train
14319,train
14320,val
14321,train
14329,train
14335,train
14337,train
14338,train
14352,train
14353,train
14357,train
14359,train
14366,train
14367,val
14375,train
14377,train
14385,train
14388,train
14392,val
14396,train
14402,train
14412,train
14428,test
14430,train
14432,train
14446,train
14450,train
14453,train
14458,train
14468,train
14470,train
14472,train
14475,train
14477,train
14483,val
14484,train
14487,train
14488,val
14493,test
14494,train
14502,val
14504,train
14514,test
14526,train
14533,train
14536,val
14537,train
14543,train
14546,train
14547,train
14549,train
14557,test
14562,train
14567,val
14575,train
14591,train
14592,train
14600,val
14611,train
14619,train
14622,train
14628,train
14629,train
14630,train
14635,val
14644,train
14653,train
14662,train
14676,train
14677,train
14681,train
14683,train
14686,train
14691,val
14698,train
14707,train
14709,train
14713,train
14723,test
14726,train
14728,test
14730,train
14733,train
14736,train
14740,train
14743,train
14748,test
14750,val
14756,train
14757,test
14759,test
14764,train
14766,train
14768,train
14769,train
14773,test
14774,val
14781,train
14783,train
14791,train
14795,train
14798,train
14801,train
14804,train
14807,train
14812,train
14818,train
14819,train
14820,train
14821,test
14824,train
14835,train
14844,val
14845,train
14849,train
14850,test
14854,train
14855,train
14857,train
14861,train
14862,val
14864,train
14869,train
14870,train
14872,train
14873,train
14874,train
14876,train
14880,train
14883,train
14886,train
14892,val
14921,train
14925,train
14928,train
14938,train
14940,train
14941,train
14954,train
14960,train
14961,train
14966,train
14967,train
14969,train
14970,train
14974,train
14975,train
14985,train
14986,train
14988,val
14990,train
14998,train
15002,train
15006,val
15008,train
15011,train
15016,train
15017,train
15029,test
15032,train
15036,train
15049,test
15050,train
15055,train
15062,train
15067,train
15069,train
15070,val
15071,train
15073,train
15074,test
15085,train
15089,val
15096,val
15097,train
15107,train
15109,val
15110,val
15112,train
15113,train
15117,train
15122,train
15126,train
15140,val
15148,train
15151,test
15153,train
15155,train
15156,train
15157,train
15165,train
15174,val
15175,train
15179,train
15180,test
15183,train
15185,val
15190,val
15193,val
15195,train
15197,test
15198,train
15203,train
15219,train
15220,test
15236,train
15239,train
15249,train
15257,train
15259,train
15260,train
15262,train
15266,train
15267,train
15268,train
15269,train
15273,train
15274,train
15276,train
15286,train
15289,train
15297,train
15301,train
15302,train
15303,train
15307,train
15311,train
15318,train
15329,train
15345,test
15346,train
15347,train
15354,train
15355,train
15356,train
15366,train
15374,val
15379,train
15382,val
15386,train
15388,train
15391,train
15392,train
15394,train
15399,train
15400,train
15404,train
15409,train
15427,train
15438,test
15451,train
15468,train
15469,train
15472,train
15474,test
15485,train
15486,train
15496,test
15514,train
15518,train
15524,train
15525,train
15528,train
15542,train
15544,train
15546,val
15552,train
15554,train
15558,train
15559,train
15564,train
15565,train
15566,train
15567,train
15569,train
15576,train
15581,train
15582,val
15586,train
15588,train
15595,train
15596,train
15599,train
15600,train
15610,test
15614,train
15617,val
15618,train
15619,train
15621,train
15644,train
15645,train
15652,train
15653,test
15658,train
15663,val
15667,test
15678,train
15681,train
15684,val
15687,test
15690,train
15693,train
15704,train
15709,val
15725,test
15726,test
15733,train
15735,test
15738,train
15744,train
15745,train
15750,train
15757,train
15759,train
15764,train
15772,train
15778,train
15792,train
15794,train
15797,test
15802,train
15809,train
15810,train
15811,train
15816,train
15818,val
15823,train
15826,val
15827,train
15830,train
15839,test
15843,train
15846,train
15850,val
15851,train
15859,test
15862,train
15870,val
15876,train
15881,train
15883,train
15885,train
15895,train
15897,val
15902,train
15906,train
15908,train
15915,train
15918,train
15919,train
15927,train
15930,train
15944,val
15947,train
15952,val
15953,train
15954,test
15957,test
15963,train
15968,train
15976,train
15978,train
15984,train
15986,val
15987,train
15994,train
16005,train
16009,train
16015,train
16025,train
16027,train
16030,train
16032,train
16037,train
16038,train
16039,train
16040,train
16046,train
16056,test
16060,train
16063,train
16064,train
16069,train
16071,val
16072,train
16076,train
16080,test
16082,train
16084,val
16089,train
16098,train
16099,train
16101,train
16109,train
16111,train
16112,train
16113,train
16114,val
16119,train
16123,train
16125,val
16142,test
16161,train
16164,train
16166,train
16169,train
16173,train
16180,train
16183,train
16188,train
16193,train
16195,train
16206,test
16209,train
16210,train
16216,val
16233,train
16237,train
16238,val
16240,test
16241,train
16243,train
16246,train
16251,train
16253,train
16254,train
16255,train
16257,train
16273,train
16283,train
16285,train
16290,train
16292,train
16295,train
16297,train
16308,train
16314,train
16317,train
16318,val
16322,train
16327,train
16334,train
16335,train
16342,test
16343,train
16344,train
16346,train
16355,test
16356,train
16359,train
16360,train
16361,train
16362,train
16364,train
16377,test
16382,train
16383,val
16403,train
16408,train
16410,train
16412,train
16414,train
16418,train
16424,train
16432,train
16448,train
16449,train
16458,train
16465,val
16466,test
16468,train
16470,train
16483,val
16486,train
16491,train
16494,train
16496,train
16497,test
16499,train
16509,train
16513,train
16518,train
16520,train
16521,train
16523,train
16525,train
16526,train
16531,train
16538,train
16543,train
16544,train
16546,train
16547,train
16556,train
16567,test
16573,val
16574,train
16575,train
16578,train
16590,val
16593,train
16599,train
16605,train
16606,train
16616,train
16629,train
16631,train
16653,train
16659,train
16660,test
16664,train
16665,train
16669,train
16670,train
16672,train
16673,train
16677,train
16680,val
16683,train
16689,train
16693,test
16697,train
16701,val
16704,train
16706,train
16715,train
16716,train
16720,train
16725,val
16730,train
16732,train
16733,train
16735,train
16737,train
16741,train
16744,train
16755,train
16757,train
16758,train
16759,train
16761,train
16764,train
16765,train
16773,val
16775,train
16776,train
16784,test
16796,train
16805,val
16814,test
16817,val
16823,train
16825,test
16827,val
16831,train
16836,train
16837,val
16838,train
16839,train
16848,val
16857,train
16870,train
16875,train
16879,train
16890,train
16896,train
16897,val
16898,val
16902,val
16903,val
16905,train
16928,train
16931,test
16935,train
16950,test
16955,test
16957,train
16959,train
16961,test
16963,train
16964,train
16977,train
16980,train
16995,train
17003,train
17004,train
17018,train
17047,test
17055,train
17057,train
17065,val
17068,train
17073,train
17076,val
17078,val
17089,train
17095,train
17096,test
17100,train
17105,train
17106,train
17108,train
17137,train
17147,train
17152,train
17153,train
17154,val
17166,train
17167,train
17170,val
17171,val
17174,train
17179,train
17180,train
17181,train
17183,train
17192,train
17198,test
17203,train
17205,test
17206,train
17210,train
17216,train
17226,train
17235,train
17236,train
17244,train
17260,val
17267,train
17272,train
17273,train
17282,train
17301,train
17305,train
17308,train
17311,train
17312,train
17313,train
17316,test
17320,train
17324,train
17325,val
17328,test
17345,train
17350,test
17352,train
17355,test
17356,train
17364,train
17365,val
17366,train
17376,train
17392,val
17399,train
17401,train
17409,train
17413,val
17420,train
17425,train
17429,train
17432,train
17438,train
17449,train
17450,train
17451,train
17460,train
17463,train
17468,train
17472,train
17474,train
17476,val
17481,train
17482,train
17483,train
17484,train
17487,train
17488,train
17489,train
17520,train
17526,val
17534,train
17545,train
17551,train
17553,val
17559,test
17560,train
17566,train
17570,train
17573,val
17578,train
17580,train
17582,train
17583,train
17585,train
17586,train
17587,train
17590,train
17591,train
17600,train
17602,train
17604,train
17613,train
17625,train
17629,train
17644,train
17651,train
17655,train
17667,val
17675,test
17676,train
17683,train
17696,train
17697,train
17703,train
17707,val
17708,train
17712,train
17715,val
17717,train
17741,test
17751,train
17755,train
17756,train
17760,train
17761,test
17766,train
17769,train
17776,train
17778,train
17791,train
17799,train
17810,train
17817,train
17839,train
17856,train
17858,train
17859,train
17866,train
17867,train
17869,train
17870,train
17873,val
17877,train
17882,val
17883,train
17890,train
17892,train
17896,train
17909,train
17914,train
17921,val
17923,train
17927,train
17935,train
17936,train
17938,val
17944,train
17945,val
17946,train
17953,train
17954,train
17962,val
17966,train
17967,train
17972,train
17975,train
17984,train
17985,val
17997,train
18000,train
18006,train
18011,val
18014,train
18020,train
18022,train
18029,test
18040,train
18041,train
18045,test
18046,train
18048,train
18058,train
18059,train
18072,train
18073,train
18075,train
18078,train
18089,train
18090,train
18093,val
18098,val
18099,train
18111,train
18127,val
18136,val
18148,val
18149,train
18155,test
18157,train
18158,train
18171,test
18179,train
18183,train
18191,train
18194,train
18201,train
18211,val
18214,train
18217,test
18224,train
18233,train
18239,val
18241,train
18244,train
18250,train
18252,train
18256,val
18265,train
18267,train
18270,train
18276,train
18290,test
18291,train
18292,test
18293,train
18294,train
18295,test
18299,train
18309,train
18312,train
18316,val
18317,train
18319,train
18327,train
18333,train
18336,train
18347,train
18350,train
18358,train
18359,train
18366,train
18367,val
18370,train
18373,test
18375,val
18377,train
18385,train
18389,train
18394,train
18395,train
18396,train
18401,test
18402,train
18412,train
18414,train
18418,train
18424,train
18425,train
18426,train
18432,train
18439,train
18441,train
18442,test
18444,train
18450,train
18457,train
18460,val
18461,train
18462,val
18464,train
18466,train
18467,val
18473,train
18475,train
18476,train
18480,train
18482,val
18485,train
18490,train
18495,train
18496,train
18501,train
18505,train
18507,val
18513,train
18523,val
18525,train
18529,train
18530,train
18531,train
18534,train
18535,train
18542,train
18553,train
18554,train
18555,train
18557,train
18559,train
18563,train
18564,train
18571,val
18584,train
18601,train
18605,test
18614,train
18627,train
18633,val
18641,test
18647,train
18654,test
18656,train
18658,test
18661,train
18666,train
18670,train
18683,train
18687,train
18688,train
18691,train
18699,train
18702,train
18704,train
18723,train
18728,train
18736,val
18743,train
18748,test
18750,val
18751,train
18766,train
18771,train
18773,train
18775,train
18780,train
18781,train
18783,train
18785,val
18792,val
18794,train
18801,train
18802,val
18809,train
18811,train
18816,train
18819,train
18820,train
18824,train
18839,train
18841,train
18862,train
18864,train
18866,train
18873,train
18874,train
18882,train
18885,train
18886,train
18888,train
18893,train
18896,train
18903,train
18908,train
18916,train
18917,train
18918,train
18928,train
18930,train
18934,train
18935,train
18938,train
18940,train
18942,test
18952,train
18956,train
18957,train
18958,train
18973,test
18975,train
18982,test
18983,val
18994,train
19002,train
19013,train
19015,train
19022,train
19023,val
19025,train
19028,train
19032,train
19036,train
19037,train
19047,train
19060,train
19062,train
19074,train
19079,train
19085,train
19087,train
19090,train
19093,train
19096,train
19102,train
19123,train
19129,train
19131,test
19132,test
19134,train
19136,train
19142,train
19145,test
19146,train
19151,train
19157,train
19158,val
19160,val
19167,test
19176,train
19181,train
19182,train
19184,test
19185,train
19193,train
19194,train
19198,train
19202,val
19226,train
19227,train
19236,train
19238,train
19239,val
19240,train
19247,train
19250,train
19251,train
19253,train
19275,test
19292,train
19304,train
19306,train
19308,train
19313,train
19318,train
19320,train
19322,train
19324,train
19329,train
19333,train
19338,train
19349,test
19351,train
19358,train
19374,train
19375,train
19380,train
19385,train
19387,test
19388,test
19391,val
19394,train
19397,test
19399,train
19404,train
19413,train
19428,train
19431,train
19435,train
19441,train
19443,train
19444,test
19446,train
19447,train
19448,train
19450,train
19451,train
19455,train
19456,train
19463,test
19471,test
19472,train
19484,train
19487,train
19489,train
19491,train
19496,train
19499,train
19501,train
19523,train
19528,train
19532,train
19534,train
19542,train
19544,train
19546,train
19552,test
19558,train
19559,test
19579,train
19581,train
19589,train
19592,test
19594,train
19608,val
19609,test
19622,train
19624,train
19631,train
19635,train
19637,train
19642,train
19647,train
19663,train
19665,val
19667,train
19671,train
19675,train
19681,train
19694,train
19695,train
19698,train
19707,train
19711,train
19712,train
19714,val
19716,train
19719,train
19723,train
19725,train
19737,train
19738,train
19739,val
19753,train
19754,train
19755,test
19756,train
19759,val
19763,train
19766,test
19767,train
19769,train
19781,train
19783,train
19789,train
19793,train
19794,test
19797,train
19817,train
19818,train
19828,train
19836,test
19838,train
19845,train
19852,train
19863,train
19871,train
19874,test
19881,train
19888,val
19890,train
19899,train
19901,train
19904,test
19905,train
19906,train
19916,train
19918,train
19923,train
19926,val
19927,val
19929,test
19932,train
19938,train
19941,train
19949,train
19955,train
19957,train
19959,train
19962,train
19964,train
19967,train
19974,train
19980,train
19981,test
19987,val
19994,train
20001,train
20004,train
20012,train
20013,test
20018,val
20030,train
20031,train
20038,train
20039,train
20044,train
20046,test
20052,test
20063,train
20069,train
20070,train
20087,train
20090,train
20104,train
20106,test
20111,test
20119,train
20133,train
20136,train
20137,train
20145,train
20146,val
20147,test
20150,val
20156,train
20157,train
20161,train
20164,train
20168,train
20171,train
20172,train
20175,train
20177,val
20178,train
20179,train
20182,train
20184,test
20188,train
20193,train
20202,train
20207,val
20213,test
20221,train
20245,train
20251,train
20253,train
20254,val
20255,test
20261,test
20268,train
20273,train
20276,train
20279,train
20281,train
20289,train
20291,train
20305,train
20307,train
20308,train
20311,train
20315,train
20334,train
20342,train
20349,train
20355,train
20362,train
20367,train
20371,train
20376,train
20380,train
20381,train
20384,train
20389,val
20391,train
20392,train
20395,train
20398,train
20403,train
20410,train
20414,test
20417,train
20418,train
20420,train
20421,train
20434,train
20436,train
20438,train
20444,train
20446,train
20450,test
20456,train
20459,train
20460,val
20464,train
20465,train
20470,train
20475,val
20481,train
20485,test
20487,train
20489,test
20490,train
20491,train
20509,train
20512,train
20513,train
20515,train
20517,train
20524,train
20527,train
20528,train
20536,train
20540,train
20541,train
20542,train
20549,train
20556,test
20561,train
20563,val
20570,train
20575,train
20576,train
20579,train
20583,train
20588,train
20598,test
20599,train
20601,train
20608,val
20611,train
20613,test
20619,train
20629,val
20632,train
20640,train
20641,train
20644,train
20646,train
20650,train
20651,train
20652,train
20671,train
20677,train
20679,train
20692,train
20698,train
20701,train
20702,train
20707,train
20711,train
20720,train
20727,train
20742,test
20747,train
20748,train
20757,val
20760,train
20765,train
20768,train
20769,val
20770,train
20774,train
20777,train
20779,train
20781,train
20784,train
20788,train
20794,train
20795,train
20796,train
20809,train
20818,train
20820,train
20825,train
20837,train
20839,train
20849,train
20853,train
20857,train
20860,train
20882,train
20888,train
20903,train
20904,train
20906,train
20908,train
20912,train
20913,train
20915,train
20917,train
20925,train
20929,train
20935,train
20947,train
20962,train
20965,test
20966,train
20971,train
20972,train
20979,train
20983,val
20987,train
20997,train
21001,train
21003,train
21020,train
21023,train
21029,test
21036,train
21046,train
21048,train
21049,train
21051,train
21060,train
21061,train
21070,test
21075,train
21076,train
21079,train
21083,train
21084,train
21088,train
21089,val
21095,train
21097,val
21126,train
21136,train
21138,train
21143,train
21147,train
21151,test
21152,train
21161,train
21164,test
21166,test
21169,train
21175,train
21181,train
21183,test
21190,train
21194,train
21197,train
21198,train
21202,train
21204,train
21206,train
21212,train
21213,train
21215,test
21217,train
21222,train
21223,val
21232,train
21235,train
21240,val
21246,train
21248,train
21253,train
21254,train
21257,train
21260,train
21268,test
21269,train
21276,train
21280,train
21281,test
21284,train
21285,train
21286,train
21292,train
21294,train
21310,test
21313,train
21316,val
21320,train
21327,train
21329,train
21330,train
21338,train
21343,train
21345,train
21346,train
21353,train
21361,train
21364,train
21365,test
21374,train
21378,train
21382,train
21383,train
21384,train
21387,train
21394,test
21396,train
21397,train
21400,train
21404,train
21408,train
21417,val
21419,val
21423,train
21435,test
21443,train
21447,train
21451,test
21452,train
21459,train
21462,val
21469,train
21470,train
21475,train
21483,train
21496,train
21497,train
21498,train
21500,val
21504,train
21510,train
21514,train
21528,train
21531,train
21534,train
21535,train
21544,train
21551,train
21553,train
21563,test
21564,train
21566,train
21569,train
21571,train
21587,train
21588,val
21592,train
21595,train
21599,train
21613,train
21614,train
21622,train
21632,train
21639,test
21641,train
21644,train
21645,train
21647,train
21650,train
21662,train
21671,train
21674,train
21676,train
21678,test
21685,train
21686,train
21688,train
21693,train
21698,train
21711,train
21717,val
21718,train
21740,train
21746,train
21747,train
21750,train
21751,train
21764,train
21772,train
21776,train
21779,train
21780,train
21782,train
21786,test
21795,train
21796,train
21801,train
21811,train
21826,val
21830,train
21846,train
21864,train
21868,train
21872,train
21883,train
21889,train
21895,train
21900,val
21902,train
21905,train
21915,train
21919,train
21921,train
21924,test
21926,train
21931,test
21942,val
21945,train
21963,train
21964,val
21968,train
21969,train
21971,val
21972,train
21979,train
21981,train
21983,train
21989,val
21991,train
21993,train
21994,train
22002,train
22004,train
22008,test
22012,train
22014,test
22026,train
22032,train
22041,train
22044,train
22048,train
22051,train
22056,train
22059,val
22071,train
22072,test
22080,test
22085,train
22086,train
22087,train
22090,train
22097,train
22098,train
22102,train
22103,train
22104,train
22112,train
22113,train
22116,train
22118,train
22123,train
22129,train
22135,train
22142,test
22145,train
22149,train
22150,train
22154,train
22158,train
22164,test
22166,train
22167,test
22168,train
22174,train
22176,train
22178,train
22180,train
22191,train
22193,train
22194,train
22195,test
22196,test
22198,val
22199,train
22208,train
22213,test
22215,train
22218,train
22222,train
22223,train
22224,train
22226,train
22228,train
22229,val
22230,train
22236,train
22240,val
22256,train
22257,train
22265,val
22268,train
22270,train
22271,test
22274,train
22275,train
22278,train
22281,train
22287,train
22291,test
22298,train
22304,train
22309,train
22324,train
22326,test
22340,train
22341,train
22355,train
22360,train
22367,train
22374,train
22377,train
22382,train
22403,train
22409,train
22411,train
22415,train
22420,train
22423,train
22427,train
22429,train
22432,train
22440,train
22446,train
22447,train
22448,train
22451,train
22456,train
22461,train
22462,train
22474,train
22478,train
22482,train
22484,train
22487,train
22488,train
22492,test
22498,train
22500,train
22501,val
22518,train
22525,train
22526,train
22529,train
22530,train
22536,train
22545,train
22559,train
22563,train
22564,train
22575,train
22578,val
22582,test
22593,train
22596,train
22599,val
22612,train
22621,val
22624,test
22626,train
22627,train
22628,train
22636,train
22646,test
22649,train
22650,train
22651,val
22652,train
22656,val
22658,train
22660,test
22667,train
22671,test
22675,train
22680,val
22683,train
22689,train
22690,test
22691,train
22696,train
22704,val
22708,test
22710,val
22718,val
22719,train
22724,train
22726,train
22729,train
22740,train
22741,train
22747,train
22757,train
22759,train
22767,train
22775,train
22777,val
22793,train
22796,train
22797,train
22799,train
22801,train
22802,train
22806,test
22811,train
22815,train
22816,train
22819,train
22827,train
22834,train
22837,train
22838,val
22842,train
22850,train
22854,train
22857,train
22861,train
22863,test
22870,val
22871,val
22874,train
22879,val
22880,train
22882,train
22890,train
22894,train
22899,val
22907,test
22924,test
22926,train
22928,train
22929,train
22940,train
22949,test
22951,train
22953,val
22954,train
22958,train
22962,train
22963,train
22964,train
22974,test
22979,val
22983,train
22987,train
23000,train
23004,test
23014,train
23015,train
23017,train
23019,train
23024,train
23025,train
23033,train
23035,train
23038,train
23047,val
23050,train
23051,train
23054,train
23066,train
23072,train
23084,train
23089,train
23093,train
23094,train
23096,train
23098,train
23100,train
23102,train
23107,train
23108,train
23117,val
23121,train
23127,train
23134,train
23137,train
23140,val
23141,train
23158,train
23162,test
23163,train
23173,train
23176,val
23177,test
23194,train
23199,train
23200,train
23201,val
23203,train
23218,train
23219,train
23245,test
23247,train
23249,test
23250,train
23251,train
23253,test
23255,train
23258,train
23270,train
23274,train
23275,train
23280,train
23283,test
23287,train
23294,train
23298,train
23301,test
23309,train
23311,train
23315,train
23320,train
23343,val
23351,train
23355,val
23357,train
23361,train
23363,train
23368,test
23369,train
23378,test
23380,val
23387,train
23392,train
23395,train
23400,train
23405,test
23406,train
23411,train
23413,train
23415,train
23419,train
23420,test
23424,train
23429,test
23433,train
23434,val
23440,train
23444,train
23446,train
23447,train
23448,train
23450,train
23451,train
23479,train
23480,train
23487,train
23489,train
23501,train
23511,train
23538,test
23539,train
23541,train
23542,train
23544,train
23546,test
23548,train
23551,test
23569,train
23570,test
23575,train
23579,train
23584,train
23585,train
23587,train
23588,train
23591,val
23594,train
23603,val
23623,test
23630,train
23631,train
23639,train
23641,train
23648,val
23656,train
23660,train
23671,val
23673,train
23676,train
23677,train
23679,train
23686,train
23687,train
23695,train
23696,train
23699,train
23702,test
23703,train
23709,test
23718,train
23723,test
23729,train
23731,train
23735,train
23737,train
23741,train
23743,train
23746,val
23754,train
23759,train
23760,train
23774,train
23779,train
23786,train
23793,train
23797,train
23802,train
23803,train
23807,test
23811,train
23812,train
23815,train
23821,train
23840,train
23874,test
23875,train
23879,train
23893,test
23895,val
23906,train
23908,train
23914,train
23917,train
23919,train
23927,train
23929,train
23935,test
23949,train
23951,train
23954,train
23957,test
23967,train
23976,train
23981,train
23982,train
23984,train
23986,val
23988,train
23991,test
23995,train
23996,train
23998,train
24002,train
24019,train
24020,train
24023,train
24026,val
24030,train
24032,train
24036,train
24038,train
24040,test
24042,test
24045,train
24053,train
24061,train
24072,train
24073,train
24076,train
24081,train
24086,train
24091,test
24095,train
24097,train
24100,train
24103,train
24104,train
24105,train
24106,train
24107,train
24112,train
24125,train
24129,train
24132,train
24133,train
24136,train
24149,train
24150,train
24154,train
24157,train
24159,train
24169,train
24175,train
24181,test
24189,val
24193,train
24195,train
24197,train
24204,val
24207,train
24215,train
24221,train
24223,train
24231,train
24234,val
24238,train
24239,val
24242,train
24247,train
24253,train
24257,train
24259,train
24260,train
24264,train
24266,train
24285,train
24287,train
24289,test
24290,train
24294,train
24296,test
24299,train
24305,train
24307,test
24310,val
24319,train
24323,train
24343,train
24351,train
24352,train
24368,train
24371,train
24372,train
24375,val
24380,val
24385,train
24386,train
24391,test
24393,train
24396,val
24401,train
24402,train
24403,train
24404,val
24411,train
24414,train
24416,train
24428,train
24430,train
24433,test
24434,train
24436,train
24446,train
24450,train
24454,train
24457,train
24458,test
24480,train
24489,val
24497,test
24498,train
24499,train
24507,val
24515,train
24516,train
24518,train
24520,val
24522,train
24530,train
24536,train
24547,train
24551,train
24552,train
24553,train
24554,train
24560,train
24563,train
24566,train
24571,train
24577,train
24582,train
24585,train
24591,train
24600,train
24601,train
24608,train
24609,train
